username,first_name,last_name,email,password
demjan25,Павел,Иванов,julian_29@rambler.ru,change_me
potapovpankrati,Оксана,Гурьев,askold_1975@hotmail.com,change_me
mironovaksenija,Радислав,Александров,rveselov@gmail.com,change_me
nonna2003,Аполлон,Яковлев,potapovsilanti@mail.ru,change_me
radovan36,Наум,Бобров,tverdislav2020@gmail.com,change_me
vladilen_18,Спартак,Суворов,mihe_2003@mail.ru,change_me
sazonovaninel,Федор,Пахомов,antonovartemi@gmail.com,change_me
isaevnikandr,Лукьян,Федосеева,shestakovljubim@gmail.com,change_me
anani_50,Болеслав,Блохин,sidorovdobromisl@gmail.com,change_me
tit77,Викентий,Воронцов,semen67@rambler.ru,change_me
gap_98,Юлий,Кириллов,kvlasov@yahoo.com,change_me
braginkir,Иннокентий,Костина,ponomarevmilen@mail.ru,change_me
alekseevsolomon,Вера,Котова,firs_1993@yandex.ru,change_me
isaevamaja,Юлия,Родионов,rostislav36@hotmail.com,change_me
emil1981,Степан,Коновалов,efim75@yandex.ru,change_me
nikandrbelozerov,Лонгин,Гаврилова,budimir48@yahoo.com,change_me
bazhenpopov,Олег,Куликова,efimovfedot@gmail.com,change_me
savelizinovev,Святослав,Орехова,natalja1997@mail.ru,change_me
ermil28,Епифан,Ларионов,vsemil07@rambler.ru,change_me
beljakovegor,Маргарита,Кулагин,prov_2007@hotmail.com,change_me
dementi_05,Игнатий,Лыткина,david_12@hotmail.com,change_me
belozerovsemen,Арефий,Орлова,poljakovmilovan@yandex.ru,change_me
petuhovpetr,Влас,Гордеева,gromovipati@mail.ru,change_me
vnikonov,Фадей,Крюков,samuil_2004@hotmail.com,change_me
seliverst1989,Модест,Алексеев,sharapovplaton@yahoo.com,change_me
shilovfirs,Сигизмунд,Силин,nina82@rambler.ru,change_me
agap_33,Ольга,Третьяков,petr37@rambler.ru,change_me
eshcherbakov,Нифонт,Сазонова,naumovosip@yahoo.com,change_me
naina_00,Христофор,Щербаков,fedosi_44@mail.ru,change_me
anisimovtihon,Устин,Макаров,serge_1986@rambler.ru,change_me
