id,username,first_name,last_name,email,password
0,demjan25,Павел,Иванов,julian_29@rambler.ru,change_me
1,potapovpankrati,Оксана,Гурьев,askold_1975@hotmail.com,change_me
2,mironovaksenija,Радислав,Александров,rveselov@gmail.com,change_me
3,nonna2003,Аполлон,Яковлев,potapovsilanti@mail.ru,change_me
4,radovan36,Наум,Бобров,tverdislav2020@gmail.com,change_me
5,vladilen_18,Спартак,Суворов,mihe_2003@mail.ru,change_me
6,sazonovaninel,Федор,Пахомов,antonovartemi@gmail.com,change_me
7,isaevnikandr,Лукьян,Федосеева,shestakovljubim@gmail.com,change_me
8,anani_50,Болеслав,Блохин,sidorovdobromisl@gmail.com,change_me
9,tit77,Викентий,Воронцов,semen67@rambler.ru,change_me
10,agap_98,Юлий,Кириллов,kvlasov@yahoo.com,change_me
11,braginkir,Иннокентий,Костина,ponomarevmilen@mail.ru,change_me
12,alekseevsolomon,Вера,Котова,firs_1993@yandex.ru,change_me
13,isaevamaja,Юлия,Родионов,rostislav36@hotmail.com,change_me
14,emil1981,Степан,Коновалов,efim75@yandex.ru,change_me
15,nikandrbelozerov,Лонгин,Гаврилова,budimir48@yahoo.com,change_me
16,bazhenpopov,Олег,Куликова,efimovfedot@gmail.com,change_me
17,savelizinovev,Святослав,Орехова,natalja1997@mail.ru,change_me
18,ermil28,Епифан,Ларионов,vsemil07@rambler.ru,change_me
19,beljakovegor,Маргарита,Кулагин,prov_2007@hotmail.com,change_me
20,dementi_05,Игнатий,Лыткина,david_12@hotmail.com,change_me
21,belozerovsemen,Арефий,Орлова,poljakovmilovan@yandex.ru,change_me
22,petuhovpetr,Влас,Гордеева,gromovipati@mail.ru,change_me
23,vnikonov,Фадей,Крюков,samuil_2004@hotmail.com,change_me
24,seliverst1989,Модест,Алексеев,sharapovplaton@yahoo.com,change_me
25,shilovfirs,Сигизмунд,Силин,nina82@rambler.ru,change_me
26,agap_33,Ольга,Третьяков,petr37@rambler.ru,change_me
27,eshcherbakov,Нифонт,Сазонова,naumovosip@yahoo.com,change_me
28,naina_00,Христофор,Щербаков,fedosi_44@mail.ru,change_me
29,anisimovtihon,Устин,Макаров,serge_1986@rambler.ru,change_me
